-- northwind_synth_20.sql
-- Synthetic Northwind data: ~20 records per table, 40 orders, realistic names

-- Clear tables
DELETE FROM [Order Details];
DELETE FROM Orders;
DELETE FROM Products;
DELETE FROM Employees;
DELETE FROM Customers;

-- Customers (20)
INSERT INTO Customers (CustomerID, CompanyName, ContactName, ContactTitle, Address, City, Region, PostalCode, Country, Phone, Fax) VALUES
('ALFKI', 'Alfreds Futterkiste', 'Maria Anders', 'Sales Representative', 'Obere Str. 57', 'Berlin', NULL, '12209', 'Germany', '030-0074321', '030-0076545'),
('ANATR', 'Ana Trujillo Emparedados y helados', 'Ana Trujillo', 'Owner', 'Avda. de la Constitución 2222', 'México D.F.', NULL, '05021', 'Mexico', '(5) 555-4729', '(5) 555-3745'),
('ANTON', 'Antonio Moreno Taquería', 'Antonio Moreno', 'Owner', 'Mataderos 2312', 'México D.F.', NULL, '05023', 'Mexico', '(5) 555-3932', NULL),
('AROUT', 'Around the Horn', 'Thomas Hardy', 'Sales Representative', '120 Hanover Sq.', 'London', NULL, 'WA1 1DP', 'UK', '(171) 555-7788', '(171) 555-6750'),
('BERGS', 'Berglunds snabbköp', 'Christina Berglund', 'Order Administrator', 'Berguvsvägen 8', 'Luleå', NULL, 'S-958 22', 'Sweden', '0921-12 34 65', '0921-12 34 67'),
('BLAUS', 'Blauer See Delikatessen', 'Hanna Moos', 'Sales Representative', 'Forsterstr. 57', 'Mannheim', NULL, '68306', 'Germany', '0621-08460', '0621-08924'),
('BLONP', 'Blondesddsl père et fils', 'Frédérique Citeaux', 'Marketing Manager', '24, place Kléber', 'Strasbourg', NULL, '67000', 'France', '88.60.15.31', '88.60.15.32'),
('BOLID', 'Bólido Comidas preparadas', 'Martín Sommer', 'Owner', 'C/ Araquil, 67', 'Madrid', NULL, '28023', 'Spain', '(91) 555 22 82', '(91) 555 91 99'),
('BONAP', 'Bon app', 'Laurence Lebihan', 'Owner', '12, rue des Bouchers', 'Marseille', NULL, '13008', 'France', '91.24.45.40', '91.24.45.41'),
('BOTTM', 'Bottom-Dollar Markets', 'Elizabeth Lincoln', 'Accounting Manager', '23 Tsawassen Blvd.', 'Tsawassen', 'BC', 'T2F 8M4', 'Canada', '(604) 555-4729', '(604) 555-3745'),
('FOLKO', 'Folk och fä HB', 'Maria Larsson', 'Owner', 'Åkergatan 24', 'Bräcke', NULL, 'S-844 67', 'Sweden', '0695-34 67 21', NULL),
('FURIB', 'Furia Bacalhau e Frutos do Mar', 'Lino Rodriguez', 'Sales Manager', 'Jardim das rosas n. 32', 'Lisboa', NULL, '1675', 'Portugal', '(1) 354-2534', '(1) 354-2535'),
('GALED', 'Galería del gastrónomo', 'Eduardo Saavedra', 'Marketing Manager', 'Rambla de Cataluña, 23', 'Barcelona', NULL, '08022', 'Spain', '93.467.11.11', '93.467.11.12'),
('GODOS', 'Godos Cocina Típica', 'José Pedro Freyre', 'Owner', 'C/ Romero, 33', 'Sevilla', NULL, '41101', 'Spain', '95.555.82.82', NULL),
('HUNGO', 'Hungry Owl All-Night Grocers', 'Patricia McKenna', 'Sales Associate', '8 Johnstown Road', 'Cork', 'Co. Cork', NULL, 'Ireland', '2967 542', '2967 543'),
('ISLAT', 'Island Trading', 'Helen Bennett', 'Marketing Manager', 'Garden House Crowther Way', 'Cowes', 'Isle of Wight', 'PO31 7PJ', 'UK', '(198) 555-8888', NULL),
('KOENE', 'Königlich Essen', 'Philip Cramer', 'Sales Manager', 'Maubelstr. 90', 'Brandenburg', NULL, '14776', 'Germany', '0555-09876', NULL),
('LILAS', 'LILA-Supermercado', 'Carlos González', 'Owner', 'Carrera 52 con Ave. Bolívar #65-98 Llano Largo', 'Barquisimeto', 'Lara', '3508', 'Venezuela', '(9) 331-6954', NULL),
('LINOD', 'LINO-Delicateses', 'Iris Lindner', 'Owner', 'Ave. 5 de Mayo Porlamar', 'I. de Margarita', 'Nueva Esparta', '4980', 'Venezuela', '(8) 285-7711', NULL),
('MORGK', 'Morgenstern Gesundkost', 'Alexander Feuer', 'Marketing Assistant', 'Heerstr. 22', 'Leipzig', NULL, '04179', 'Germany', '0342-023176', NULL);

-- Employees (20)
INSERT INTO Employees (LastName, FirstName, Title, TitleOfCourtesy, BirthDate, HireDate, Address, City, Region, PostalCode, Country, HomePhone, Extension, Photo, Notes, ReportsTo) VALUES
('Davolio', 'Nancy', 'Sales Representative', 'Ms.', '1948-12-08', '1992-05-01', '507 - 20th Ave. E. Apt. 2A', 'Seattle', 'WA', '98122', 'USA', '(206) 555-9857', '5467', NULL, 'Education includes a BA in psychology from Colorado State University.', 2),
('Fuller', 'Andrew', 'Vice President, Sales', 'Dr.', '1952-02-19', '1992-08-14', '908 W. Capital Way', 'Tacoma', 'WA', '98401', 'USA', '(206) 555-9482', '3457', NULL, 'Andrew received his BTS commercial in 1974.', NULL),
('Leverling', 'Janet', 'Sales Representative', 'Ms.', '1963-08-30', '1992-04-01', '722 Moss Bay Blvd.', 'Kirkland', 'WA', '98033', 'USA', '(206) 555-3412', '3355', NULL, 'Janet has a BS degree in chemistry from Boston College.', 2),
('Peacock', 'Margaret', 'Sales Representative', 'Mrs.', '1937-09-19', '1993-05-03', '4110 Old Redmond Rd.', 'Redmond', 'WA', '98052', 'USA', '(206) 555-8122', '5176', NULL, 'Margaret holds a BA in English literature.', 2),
('Buchanan', 'Steven', 'Sales Manager', 'Mr.', '1955-03-04', '1993-10-17', '14 Garrett Hill', 'London', NULL, 'SW1 8JR', 'UK', '(71) 555-4848', '3453', NULL, 'Steven Buchanan graduated from St. Andrews University.', 2),
('Suyama', 'Michael', 'Sales Representative', 'Mr.', '1963-07-02', '1993-10-17', 'Coventry House Miner Rd.', 'London', NULL, 'EC2 7JR', 'UK', '(71) 555-7773', '428', NULL, 'Michael is a graduate of Sussex University.', 5),
('King', 'Robert', 'Sales Representative', 'Mr.', '1960-05-29', '1994-01-02', 'Edgeham Hollow Winchester Way', 'London', NULL, 'RG1 9SP', 'UK', '(71) 555-5598', '465', NULL, 'Robert King served in the Peace Corps.', 5),
('Callahan', 'Laura', 'Inside Sales Coordinator', 'Ms.', '1958-01-09', '1994-03-05', '4726 - 11th Ave. N.E.', 'Seattle', 'WA', '98105', 'USA', '(206) 555-1189', '2344', NULL, 'Laura received a BA in psychology from the University of Washington.', 2),
('Dodsworth', 'Anne', 'Sales Representative', 'Ms.', '1966-01-27', '1994-11-15', '7 Houndstooth Rd.', 'London', NULL, 'WG2 7LT', 'UK', '(71) 555-4444', '452', NULL, 'Anne has a BA degree in English from St. Lawrence College.', 5),
('West', 'Adam', 'Sales Representative', 'Mr.', '1970-07-15', '1995-01-01', '123 Main St.', 'London', NULL, 'EC1 1AA', 'UK', '(71) 555-1234', '400', NULL, 'Adam is a recent graduate with a degree in business.', 2),
('Miller', 'Samantha', 'Sales Rep', 'Ms.', '1975-03-12', '1996-06-01', '456 Oak St.', 'Portland', 'OR', '97201', 'USA', '(503) 555-1234', '401', NULL, 'Samantha is a top performer.', 2),
('Nguyen', 'David', 'Sales Rep', 'Mr.', '1980-04-22', '1997-07-15', '789 Pine St.', 'San Francisco', 'CA', '94107', 'USA', '(415) 555-5678', '402', NULL, 'David is known for his attention to detail.', 2),
('Patel', 'Priya', 'Sales Rep', 'Ms.', '1982-05-30', '1998-08-20', '321 Maple Ave.', 'Chicago', 'IL', '60616', 'USA', '(312) 555-8765', '403', NULL, 'Priya is a rising star in the company.', 2),
('Garcia', 'Carlos', 'Sales Rep', 'Mr.', '1978-06-18', '1999-09-10', '654 Cedar Rd.', 'Miami', 'FL', '33101', 'USA', '(305) 555-3456', '404', NULL, 'Carlos is fluent in Spanish and English.', 2),
('Kumar', 'Anjali', 'Sales Rep', 'Ms.', '1985-07-25', '2000-10-05', '987 Spruce Ln.', 'Dallas', 'TX', '75201', 'USA', '(214) 555-7890', '405', NULL, 'Anjali is known for her client relationships.', 2),
('Lee', 'Min', 'Sales Rep', 'Mr.', '1977-08-14', '2001-11-12', '159 Birch Blvd.', 'Los Angeles', 'CA', '90001', 'USA', '(213) 555-2345', '406', NULL, 'Min is a team player.', 2),
('Rossi', 'Giulia', 'Sales Rep', 'Ms.', '1983-09-09', '2002-12-20', '753 Willow Dr.', 'Rome', NULL, '00100', 'Italy', '(06) 555-6789', '407', NULL, 'Giulia is an expert in Italian cuisine.', 2),
('Schmidt', 'Lukas', 'Sales Rep', 'Mr.', '1981-10-17', '2003-01-15', '852 Aspen Ct.', 'Munich', NULL, '80331', 'Germany', '(089) 555-4321', '408', NULL, 'Lukas is a wine connoisseur.', 2),
('Yamamoto', 'Aiko', 'Sales Rep', 'Ms.', '1979-11-23', '2004-02-18', '951 Redwood Ave.', 'Tokyo', NULL, '100-0001', 'Japan', '(03) 555-8765', '409', NULL, 'Aiko is bilingual in Japanese and English.', 2),
('Smith', 'John', 'Sales Rep', 'Mr.', '1984-12-31', '2005-03-22', '357 Elm St.', 'Boston', 'MA', '02108', 'USA', '(617) 555-6543', '410', NULL, 'John is a marathon runner.', 2);

-- Products (20)
INSERT INTO Products (ProductName, SupplierID, CategoryID, QuantityPerUnit, UnitPrice, UnitsInStock, UnitsOnOrder, ReorderLevel, Discontinued) VALUES
('Chai', 1, 1, '10 boxes x 20 bags', 18.00, 39, 0, 10, 0),
('Chang', 1, 1, '24 - 12 oz bottles', 19.00, 17, 40, 25, 0),
('Aniseed Syrup', 1, 2, '12 - 550 ml bottles', 10.00, 13, 70, 25, 0),
('Chef Anton''s Cajun Seasoning', 2, 2, '48 - 6 oz jars', 22.00, 53, 0, 0, 0),
('Chef Anton''s Gumbo Mix', 2, 2, '36 boxes', 21.35, 0, 0, 0, 1),
('Grandma''s Boysenberry Spread', 3, 2, '12 - 8 oz jars', 25.00, 120, 0, 25, 0),
('Uncle Bob''s Organic Dried Pears', 3, 7, '12 - 1 lb pkgs.', 30.00, 15, 0, 10, 0),
('Northwoods Cranberry Sauce', 3, 2, '12 - 12 oz jars', 40.00, 6, 0, 0, 0),
('Mishi Kobe Niku', 4, 6, '18 - 500 g pkgs.', 97.00, 29, 0, 0, 1),
('Ikura', 4, 8, '12 - 200 ml jars', 31.00, 31, 0, 0, 0),
('Queso Cabrales', 5, 4, '1 kg pkg.', 21.00, 22, 30, 30, 0),
('Queso Manchego La Pastora', 5, 4, '10 - 500 g pkgs.', 38.00, 86, 0, 0, 0),
('Konbu', 6, 8, '2 kg box', 6.00, 24, 0, 5, 0),
('Tofu', 6, 7, '40 - 100 g pkgs.', 23.25, 35, 0, 0, 0),
('Genen Shouyu', 6, 2, '24 - 250 ml bottles', 15.50, 39, 0, 0, 0),
('Pavlova', 7, 3, '32 - 500 g boxes', 17.45, 29, 0, 10, 0),
('Alice Mutton', 7, 6, '20 - 1 kg tins', 39.00, 0, 0, 0, 1),
('Carnarvon Tigers', 7, 8, '16 kg pkg.', 62.50, 42, 0, 0, 0),
('Teatime Chocolate Biscuits', 8, 3, '10 boxes x 12 pieces', 9.20, 25, 0, 5, 0),
('Sir Rodney''s Marmalade', 8, 3, '30 gift boxes', 81.00, 40, 0, 0, 0);

-- Orders (40, not all customers have orders)
INSERT INTO Orders (CustomerID, EmployeeID, OrderDate, RequiredDate, ShippedDate, ShipVia, Freight, ShipName, ShipAddress, ShipCity, ShipRegion, ShipPostalCode, ShipCountry) VALUES
('ALFKI', 1, '2025-06-01', '2025-06-10', '2025-06-03', 1, 32.38, 'Alfreds Futterkiste', 'Obere Str. 57', 'Berlin', NULL, '12209', 'Germany'),
('ANATR', 2, '2025-06-02', '2025-06-12', '2025-06-04', 2, 11.61, 'Ana Trujillo Emparedados y helados', 'Avda. de la Constitución 2222', 'México D.F.', NULL, '05021', 'Mexico'),
('ANTON', 3, '2025-06-03', '2025-06-13', '2025-06-05', 3, 65.83, 'Antonio Moreno Taquería', 'Mataderos 2312', 'México D.F.', NULL, '05023', 'Mexico'),
('AROUT', 4, '2025-06-04', '2025-06-14', '2025-06-06', 1, 41.34, 'Around the Horn', '120 Hanover Sq.', 'London', NULL, 'WA1 1DP', 'UK'),
('BERGS', 5, '2025-06-05', '2025-06-15', '2025-06-07', 2, 51.30, 'Berglunds snabbköp', 'Berguvsvägen 8', 'Luleå', NULL, 'S-958 22', 'Sweden'),
('BLAUS', 6, '2025-06-06', '2025-06-16', '2025-06-08', 3, 22.77, 'Blauer See Delikatessen', 'Forsterstr. 57', 'Mannheim', NULL, '68306', 'Germany'),
('BLONP', 7, '2025-06-07', '2025-06-17', '2025-06-09', 1, 8.53, 'Blondesddsl père et fils', '24, place Kléber', 'Strasbourg', NULL, '67000', 'France'),
('BOLID', 8, '2025-06-08', '2025-06-18', '2025-06-10', 2, 12.34, 'Bólido Comidas preparadas', 'C/ Araquil, 67', 'Madrid', NULL, '28023', 'Spain'),
('BONAP', 9, '2025-06-09', '2025-06-19', '2025-06-11', 3, 23.45, 'Bon app', '12, rue des Bouchers', 'Marseille', NULL, '13008', 'France'),
('BOTTM', 10, '2025-06-10', '2025-06-20', '2025-06-12', 1, 9.99, 'Bottom-Dollar Markets', '23 Tsawassen Blvd.', 'Tsawassen', 'BC', 'T2F 8M4', 'Canada'),
('FOLKO', 11, '2025-06-11', '2025-06-21', '2025-06-13', 2, 15.00, 'Folk och fä HB', 'Åkergatan 24', 'Bräcke', NULL, 'S-844 67', 'Sweden'),
('FURIB', 12, '2025-06-12', '2025-06-22', '2025-06-14', 3, 18.00, 'Furia Bacalhau e Frutos do Mar', 'Jardim das rosas n. 32', 'Lisboa', NULL, '1675', 'Portugal'),
('GALED', 13, '2025-06-13', '2025-06-23', '2025-06-15', 1, 20.00, 'Galería del gastrónomo', 'Rambla de Cataluña, 23', 'Barcelona', NULL, '08022', 'Spain'),
('GODOS', 14, '2025-06-14', '2025-06-24', '2025-06-16', 2, 22.00, 'Godos Cocina Típica', 'C/ Romero, 33', 'Sevilla', NULL, '41101', 'Spain'),
('HUNGO', 15, '2025-06-15', '2025-06-25', '2025-06-17', 3, 24.00, 'Hungry Owl All-Night Grocers', '8 Johnstown Road', 'Cork', 'Co. Cork', NULL, 'Ireland'),
('ISLAT', 16, '2025-06-16', '2025-06-26', '2025-06-18', 1, 26.00, 'Island Trading', 'Garden House Crowther Way', 'Cowes', 'Isle of Wight', 'PO31 7PJ', 'UK'),
('KOENE', 17, '2025-06-17', '2025-06-27', '2025-06-19', 2, 28.00, 'Königlich Essen', 'Maubelstr. 90', 'Brandenburg', NULL, '14776', 'Germany'),
('LILAS', 18, '2025-06-18', '2025-06-28', '2025-06-20', 3, 30.00, 'LILA-Supermercado', 'Carrera 52 con Ave. Bolívar #65-98 Llano Largo', 'Barquisimeto', 'Lara', '3508', 'Venezuela'),
('LINOD', 19, '2025-06-19', '2025-06-29', '2025-06-21', 1, 32.00, 'LINO-Delicateses', 'Ave. 5 de Mayo Porlamar', 'I. de Margarita', 'Nueva Esparta', '4980', 'Venezuela'),
('MORGK', 20, '2025-06-20', '2025-06-30', '2025-06-22', 2, 34.00, 'Morgenstern Gesundkost', 'Heerstr. 22', 'Leipzig', NULL, '04179', 'Germany'),
('ALFKI', 1, '2025-07-01', '2025-07-10', '2025-07-03', 1, 35.00, 'Alfreds Futterkiste', 'Obere Str. 57', 'Berlin', NULL, '12209', 'Germany'),
('ANATR', 2, '2025-07-02', '2025-07-12', '2025-07-04', 2, 36.00, 'Ana Trujillo Emparedados y helados', 'Avda. de la Constitución 2222', 'México D.F.', NULL, '05021', 'Mexico'),
('ANTON', 3, '2025-07-03', '2025-07-13', '2025-07-05', 3, 37.00, 'Antonio Moreno Taquería', 'Mataderos 2312', 'México D.F.', NULL, '05023', 'Mexico'),
('AROUT', 4, '2025-07-04', '2025-07-14', '2025-07-06', 1, 38.00, 'Around the Horn', '120 Hanover Sq.', 'London', NULL, 'WA1 1DP', 'UK'),
('BERGS', 5, '2025-07-05', '2025-07-15', '2025-07-07', 2, 39.00, 'Berglunds snabbköp', 'Berguvsvägen 8', 'Luleå', NULL, 'S-958 22', 'Sweden'),
('BLAUS', 6, '2025-07-06', '2025-07-16', '2025-07-08', 3, 40.00, 'Blauer See Delikatessen', 'Forsterstr. 57', 'Mannheim', NULL, '68306', 'Germany'),
('BLONP', 7, '2025-07-07', '2025-07-17', '2025-07-09', 1, 41.00, 'Blondesddsl père et fils', '24, place Kléber', 'Strasbourg', NULL, '67000', 'France'),
('BOLID', 8, '2025-07-08', '2025-07-18', '2025-07-10', 2, 42.00, 'Bólido Comidas preparadas', 'C/ Araquil, 67', 'Madrid', NULL, '28023', 'Spain'),
('BONAP', 9, '2025-07-09', '2025-07-19', '2025-07-11', 3, 43.00, 'Bon app', '12, rue des Bouchers', 'Marseille', NULL, '13008', 'France'),
('BOTTM', 10, '2025-07-10', '2025-07-20', '2025-07-12', 1, 44.00, 'Bottom-Dollar Markets', '23 Tsawassen Blvd.', 'Tsawassen', 'BC', 'T2F 8M4', 'Canada'),
('FOLKO', 11, '2025-07-11', '2025-07-21', '2025-07-13', 2, 45.00, 'Folk och fä HB', 'Åkergatan 24', 'Bräcke', NULL, 'S-844 67', 'Sweden'),
('FURIB', 12, '2025-07-12', '2025-07-22', '2025-07-14', 3, 46.00, 'Furia Bacalhau e Frutos do Mar', 'Jardim das rosas n. 32', 'Lisboa', NULL, '1675', 'Portugal'),
('GALED', 13, '2025-07-13', '2025-07-23', '2025-07-15', 1, 47.00, 'Galería del gastrónomo', 'Rambla de Cataluña, 23', 'Barcelona', NULL, '08022', 'Spain'),
('GODOS', 14, '2025-07-14', '2025-07-24', '2025-07-16', 2, 48.00, 'Godos Cocina Típica', 'C/ Romero, 33', 'Sevilla', NULL, '41101', 'Spain'),
('HUNGO', 15, '2025-07-15', '2025-07-25', '2025-07-17', 3, 49.00, 'Hungry Owl All-Night Grocers', '8 Johnstown Road', 'Cork', 'Co. Cork', NULL, 'Ireland'),
('ISLAT', 16, '2025-07-16', '2025-07-26', '2025-07-18', 1, 50.00, 'Island Trading', 'Garden House Crowther Way', 'Cowes', 'Isle of Wight', 'PO31 7PJ', 'UK'),
('KOENE', 17, '2025-07-17', '2025-07-27', '2025-07-19', 2, 51.00, 'Königlich Essen', 'Maubelstr. 90', 'Brandenburg', NULL, '14776', 'Germany'),
('LILAS', 18, '2025-07-18', '2025-07-28', '2025-07-20', 3, 52.00, 'LILA-Supermercado', 'Carrera 52 con Ave. Bolívar #65-98 Llano Largo', 'Barquisimeto', 'Lara', '3508', 'Venezuela'),
('LINOD', 19, '2025-07-19', '2025-07-29', '2025-07-21', 1, 53.00, 'LINO-Delicateses', 'Ave. 5 de Mayo Porlamar', 'I. de Margarita', 'Nueva Esparta', '4980', 'Venezuela'),
('MORGK', 20, '2025-07-20', '2025-07-30', '2025-07-22', 2, 54.00, 'Morgenstern Gesundkost', 'Heerstr. 22', 'Leipzig', NULL, '04179', 'Germany');

-- Order Details (each order has 2-3 products, unique pairs)
INSERT INTO [Order Details] (OrderID, ProductID, UnitPrice, Quantity, Discount) VALUES
(1, 1, 18.00, 5, 0.00), (1, 2, 19.00, 3, 0.05),
(2, 3, 10.00, 2, 0.00), (2, 4, 22.00, 4, 0.10),
(3, 5, 21.35, 1, 0.00), (3, 6, 25.00, 2, 0.00),
(4, 7, 30.00, 3, 0.00), (4, 8, 40.00, 1, 0.00),
(5, 9, 97.00, 2, 0.00), (5, 10, 31.00, 1, 0.00),
(6, 11, 21.00, 2, 0.00), (6, 12, 38.00, 3, 0.00),
(7, 13, 6.00, 4, 0.00), (7, 14, 23.25, 2, 0.00),
(8, 15, 15.50, 1, 0.00), (8, 16, 17.45, 2, 0.00),
(9, 17, 39.00, 3, 0.00), (9, 18, 62.50, 1, 0.00),
(10, 19, 9.20, 2, 0.00), (10, 20, 81.00, 1, 0.00),
(11, 1, 18.00, 2, 0.00), (11, 3, 10.00, 1, 0.00),
(12, 2, 19.00, 3, 0.00), (12, 4, 22.00, 2, 0.00),
(13, 5, 21.35, 1, 0.00), (13, 6, 25.00, 2, 0.00),
(14, 7, 30.00, 3, 0.00), (14, 8, 40.00, 1, 0.00),
(15, 9, 97.00, 2, 0.00), (15, 10, 31.00, 1, 0.00),
(16, 11, 21.00, 2, 0.00), (16, 12, 38.00, 3, 0.00),
(17, 13, 6.00, 4, 0.00), (17, 14, 23.25, 2, 0.00),
(18, 15, 15.50, 1, 0.00), (18, 16, 17.45, 2, 0.00),
(19, 17, 39.00, 3, 0.00), (19, 18, 62.50, 1, 0.00),
(20, 19, 9.20, 2, 0.00), (20, 20, 81.00, 1, 0.00),
(21, 1, 18.00, 2, 0.00), (21, 3, 10.00, 1, 0.00),
(22, 2, 19.00, 3, 0.00), (22, 4, 22.00, 2, 0.00),
(23, 5, 21.35, 1, 0.00), (23, 6, 25.00, 2, 0.00),
(24, 7, 30.00, 3, 0.00), (24, 8, 40.00, 1, 0.00),
(25, 9, 97.00, 2, 0.00), (25, 10, 31.00, 1, 0.00),
(26, 11, 21.00, 2, 0.00), (26, 12, 38.00, 3, 0.00),
(27, 13, 6.00, 4, 0.00), (27, 14, 23.25, 2, 0.00),
(28, 15, 15.50, 1, 0.00), (28, 16, 17.45, 2, 0.00),
(29, 17, 39.00, 3, 0.00), (29, 18, 62.50, 1, 0.00),
(30, 19, 9.20, 2, 0.00), (30, 20, 81.00, 1, 0.00),
(31, 1, 18.00, 2, 0.00), (31, 3, 10.00, 1, 0.00),
(32, 2, 19.00, 3, 0.00), (32, 4, 22.00, 2, 0.00),
(33, 5, 21.35, 1, 0.00), (33, 6, 25.00, 2, 0.00),
(34, 7, 30.00, 3, 0.00), (34, 8, 40.00, 1, 0.00),
(35, 9, 97.00, 2, 0.00), (35, 10, 31.00, 1, 0.00),
(36, 11, 21.00, 2, 0.00), (36, 12, 38.00, 3, 0.00),
(37, 13, 6.00, 4, 0.00), (37, 14, 23.25, 2, 0.00),
(38, 15, 15.50, 1, 0.00), (38, 16, 17.45, 2, 0.00),
(39, 17, 39.00, 3, 0.00), (39, 18, 62.50, 1, 0.00),
(40, 19, 9.20, 2, 0.00), (40, 20, 81.00, 1, 0.00);
